{
    "mode": "long",
    "num_models": 2,
    "bbox_x_upper": 499,
    "bbox_x_lower": 249,
    "bbox_y_upper": 400,
    "bbox_y_lower": 150,
    "bbox_z_upper": 99,
    "bbox_z_lower": 0,
    "interval": 1,
    "step_size": 1,
    "models":[{
        "filename": "Hurricane1.onnx",
        "start_cycle": 0,
        "stop_cycle": 20,
        "bounding_0": 5.894449999999999790e+01,
        "bounding_1": 5.113299999999999841e+02,
        "bounding_2": -6.062540000000000262e+00,
        "bounding_3": 5.063500000000000227e+02,
        "bounding_4": -3.200120000000000048e-02,
        "bounding_5": 1.000139999999999958e+02
    },
    {
        "filename": "Hurricane2.onnx",
        "start_cycle": 20,
        "stop_cycle": 40,
        "bounding_0": -1.047129999999999939e+01,
        "bounding_1": 5.113299999999999841e+02,
        "bounding_2": -8.274760000000000559e+00,
        "bounding_3": 5.063500000000000227e+02,
        "bounding_4": -6.488919999999999411e-02,
        "bounding_5": 1.000139999999999958e+02
    }],
    
  
    "global_uniformed_dim_x": "2",
    "global_uniformed_dim_y": "2",
    "global_uniformed_dim_z": "2"

}
