
{
    "mode": "long",
    "num_models": 1,
    "bbox_x_upper": 6.28,
    "bbox_x_lower": 0,
    "bbox_y_upper": 6.28,
    "bbox_y_lower": 0,
    "bbox_z_upper": 6.28,
    "bbox_z_lower": 0,
    "interval": 5,
    "step_size": 0.01,
    "models":[
        {
            "filename": "ABC_new.onnx",
            "start_cycle": 0,
            "stop_cycle": 100,
            "bounding_0": -3.182509899139404297e+00,
            "bounding_1": 9.471650123596191406e+00,
            "bounding_2": -2.350120067596435547e+00,
            "bounding_3": 8.625089645385742188e+00,
            "bounding_4": -2.735379934310913086e+00,
            "bounding_5": 8.987680435180664062e+00
        }
    ],
   
    "global_uniformed_dim_x": "2",
    "global_uniformed_dim_y": "2",
    "global_uniformed_dim_z": "2"

}







 