
{
    "mode": "long",
    "num_models": 1,
    "bbox_x_upper": 6.28,
    "bbox_x_lower": 0,
    "bbox_y_upper": 6.28,
    "bbox_y_lower": 0,
    "bbox_z_upper": 6.28,
    "bbox_z_lower": 0,
    "interval": 5,
    "step_size": 0.01,
    "models":[
        {
            "filename": "ABC.onnx",
            "start_cycle": 0,
            "stop_cycle": 60,
            "bounding_0": -9.426629999999999399e+00,
            "bounding_1": 1.572780000000000022e+01,
            "bounding_2": -6.988199999999999967e+00,
            "bounding_3": 1.326750000000000007e+01,
            "bounding_4": -8.096339999999999648e+00,
            "bounding_5": 1.440070000000000050e+01
        }
    ],
   
    "global_uniformed_dim_x": "2",
    "global_uniformed_dim_y": "2",
    "global_uniformed_dim_z": "2"

}







 